Altium Designer Pick and Place Locations
C:\Users\Entropic\git\vestibular_vampire\electronics\Project Outputs\vestibular_vampire_v1.0_pick_and_place.csv

========================================================================================================================
File Design Information:

Date:       13-09-25
Time:       01:29
Revision:   07f07e8e539d327105692680b24b87318a0d03d3
Variant:    default_variant
Units used: mm

"Designator","house_part_number","Manufacturer Part Number","Footprint","Comment","Ref-X(mm)","Ref-Y(mm)","Rotation","Layer"
"C1","","GRM21BR61H106KE43L","0805_capacitor","GRM21BR61H106KE43L","15.6000","18.0000","90","TopLayer"
"C2","C-4.7uF-0402-002","CL05A475KP5NRNC","0402_capacitor","CL05A475KP5NRNC","7.3000","15.0000","180","TopLayer"
"C3","C-100nF-0402-002","GRM155R71E104KE14D","0402_capacitor","GRM155R71E104KE14D","5.5000","53.2000","270","TopLayer"
"C4","C-100nF-0402-002","GRM155R71E104KE14D","0402_capacitor","GRM155R71E104KE14D","14.2000","54.1000","270","TopLayer"
"C5","C-100nF-0402-002","GRM155R71E104KE14D","0402_capacitor","GRM155R71E104KE14D","22.9800","53.2000","270","TopLayer"
"C6","C-100nF-0402-002","GRM155R71E104KE14D","0402_capacitor","GRM155R71E104KE14D","31.7200","53.2000","270","TopLayer"
"C7","C-100nF-0402-002","GRM155R71E104KE14D","0402_capacitor","GRM155R71E104KE14D","40.4600","53.2000","270","TopLayer"
"C8","C-100nF-0402-002","GRM155R71E104KE14D","0402_capacitor","GRM155R71E104KE14D","49.2000","54.2000","270","TopLayer"
"C9","","GRM21BR61H106KE43L","0805_capacitor","GRM21BR61H106KE43L","10.6000","35.3000","0","TopLayer"
"C10","","GRM21BR61H106KE43L","0805_capacitor","GRM21BR61H106KE43L","52.9000","44.6000","90","TopLayer"
"C11","C-10nF-0402-002","CL05B103KA5NNNC","0402_capacitor","CL05B103KA5NNNC","10.7000","41.2000","0","TopLayer"
"C12","C-100nF-0402-002","GRM155R71E104KE14D","0402_capacitor","GRM155R71E104KE14D","51.3000","44.6000","90","TopLayer"
"C13","","GRM21BR61H106KE43L","0805_capacitor","GRM21BR61H106KE43L","11.1000","42.7000","0","TopLayer"
"C14","C-100nF-0402-002","GRM155R71E104KE14D","0402_capacitor","GRM155R71E104KE14D","10.6000","36.8000","0","TopLayer"
"C15","C-100nF-0402-002","GRM155R71E104KE14D","0402_capacitor","GRM155R71E104KE14D","54.5000","53.2000","270","TopLayer"
"C16","C-100nF-0402-002","GRM155R71E104KE14D","0402_capacitor","GRM155R71E104KE14D","53.1000","36.4000","180","TopLayer"
"C17","","GRT1555C1H201FA02D","0402_capacitor","GRT1555C1H201FA02D","53.7000","38.3000","270","TopLayer"
"C18","","GRM21BR61H106KE43L","0805_capacitor","GRM21BR61H106KE43L","47.4000","18.4000","0","TopLayer"
"C19","","GRM21BR61H106KE43L","0805_capacitor","GRM21BR61H106KE43L","14.4000","24.2000","0","TopLayer"
"C20","C-100nF-0402-002","GRM155R71E104KE14D","0402_capacitor","GRM155R71E104KE14D","46.5000","20.0000","0","TopLayer"
"C21","","GRM21BR61H106KE43L","0805_capacitor","GRM21BR61H106KE43L","14.4000","26.2000","0","TopLayer"
"C22","C-100nF-0402-002","GRM155R71E104KE14D","0402_capacitor","GRM155R71E104KE14D","53.1000","28.0000","180","TopLayer"
"C23","","GRT1555C1H201FA02D","0402_capacitor","GRT1555C1H201FA02D","53.7000","29.9000","270","TopLayer"
"C24","","GRM21BR61H106KE43L","0805_capacitor","GRM21BR61H106KE43L","9.7000","30.4000","180","TopLayer"
"C25","","GRM21BR61H106KE43L","0805_capacitor","GRM21BR61H106KE43L","9.7000","28.3000","180","TopLayer"
"C26","C-10uF-0603-002","CL10A106MA8NRNC","0603_capacitor","CL10A106MA8NRNC","55.1000","19.2000","180","TopLayer"
"C27","C-100nF-0402-002","GRM155R71E104KE14D","0402_capacitor","GRM155R71E104KE14D","55.4000","17.8000","180","TopLayer"
"C28","","C1608X5R1E475K080AC","0603_capacitor","C1608X5R1E475K080AC","46.2000","47.4000","90","TopLayer"
"C29","","GRT21BR61E226ME13L","0805_capacitor","GRT21BR61E226ME13L","51.5000","48.9000","90","TopLayer"
"C30","","GRT21BR61E226ME13L","0805_capacitor","GRT21BR61E226ME13L","53.3000","48.9000","90","TopLayer"
"C31","","GRT21BR61E226ME13L","0805_capacitor","GRT21BR61E226ME13L","55.1000","48.9000","90","TopLayer"
"D1","D-SCHOTTKY-3A-SOD123F-002","SS34FA","SOD-123","SS34FA","14.3000","13.7000","270","TopLayer"
"D3","D-SCHOTTKY-3A-SOD123F-002","SS34FA","SOD-123","SS34FA","9.9000","32.7000","0","TopLayer"
"J1","type-value-case-grade","","debug_header_dual","SWD Debug","13.4000","47.0000","180","TopLayer"
"J2","S3B-PH-SM4-TB(LF)(SN)","S3B-PH-SM4-TB(LF)(SN)","S3B-PH-SM4-TB","Battery Connector","11.1000","4.9000","180","TopLayer"
"J3","","PJ-313 5JCJ","pj-313_5jcj_3.5mm_trs_jack","TRS Jack","48.0000","5.2000","90","TopLayer"
"L1","","SPH252012H220MT","INDC2520X12N","SPH252012H220MT","14.4000","32.6000","180","TopLayer"
"L2","L-1uH-1008-002","252012CDMCDDS-1R0MC","INDC2520X12N","252012CDMCDDS-1R0MC","43.9000","48.7000","90","TopLayer"
"LED1","","XL-1615RGBC-WS2812B","XL-1615RGBC-WS2812B","WS2812B","3.8000","53.2000","270","TopLayer"
"LED2","","XL-1615RGBC-WS2812B","XL-1615RGBC-WS2812B","WS2812B","12.5333","56.0000","270","TopLayer"
"LED3","","XL-1615RGBC-WS2812B","XL-1615RGBC-WS2812B","WS2812B","30.0000","53.2000","270","TopLayer"
"LED4","","XL-1615RGBC-WS2812B","XL-1615RGBC-WS2812B","WS2812B","38.7333","53.2000","270","TopLayer"
"LED5","","XL-1615RGBC-WS2812B","XL-1615RGBC-WS2812B","WS2812B","21.2667","53.2000","270","TopLayer"
"LED6","","XL-1615RGBC-WS2812B","XL-1615RGBC-WS2812B","WS2812B","47.4667","56.0000","270","TopLayer"
"LED7","","XL-1615RGBC-WS2812B","XL-1615RGBC-WS2812B","WS2812B","56.2000","53.2000","270","TopLayer"
"M1","","SC0918","pi_pico_w","Pi Pico W","30.0000","26.0000","180","TopLayer"
"Q1","AO3415A","AO3415A","SOT95P280X115-3N","P-FET","10.4000","13.7000","180","TopLayer"
"R1","R-1-0402-1%-001","0402WGF100KTCE","0402_resistor","0402WGF100KTCE","13.4000","17.2000","270","TopLayer"
"R2","R-1-0402-1%-001","0402WGF100KTCE","0402_resistor","0402WGF100KTCE","7.3000","16.2000","0","TopLayer"
"R3","R-1k-0402-1%-001","RC0402JR-071KL","0402_resistor","Rset","7.3000","17.5000","0","TopLayer"
"R4","R-10k-0402-1%-001","RC0402FR-0710KL","0402_resistor","RC0402FR-0710KL","55.5000","23.4000","0","TopLayer"
"R5","R-10k-0402-1%-001","RC0402FR-0710KL","0402_resistor","RC0402FR-0710KL","55.5000","24.6000","0","TopLayer"
"R6","R-6.8k-0402-1%-001","RC0402FR-076K8L","0402_resistor","RC0402FR-076K8L","6.2000","13.0000","270","TopLayer"
"R7","R-1k-0402-1%-001","RC0402JR-071KL","0402_resistor","RC0402JR-071KL","6.2000","10.6000","90","TopLayer"
"R9","R-1-0402-1%-001","0402WGF100KTCE","0402_resistor","0402WGF100KTCE","8.6000","50.8000","180","TopLayer"
"R10","R-100k-0402-1%-001","RC0402FR-07100KL","0402_resistor","RC0402FR-07100KL","13.4000","10.7000","0","TopLayer"
"R11","R-1-0402-1%-001","0402WGF100KTCE","0402_resistor","0402WGF100KTCE","14.1000","38.0000","0","TopLayer"
"R12","R-1-0402-1%-001","0402WGF100KTCE","0402_resistor","0402WGF100KTCE","50.9000","40.5000","180","TopLayer"
"R14","R-100k-0402-1%-001","RC0402FR-07100KL","0402_resistor","RC0402FR-07100KL","53.2000","40.5000","180","TopLayer"
"R15","R-100k-0402-1%-001","RC0402FR-07100KL","0402_resistor","RC0402FR-07100KL","53.2000","41.5000","180","TopLayer"
"R16","R-100k-0402-1%-001","RC0402FR-07100KL","0402_resistor","RC0402FR-07100KL","44.4000","41.5000","180","TopLayer"
"R17","R-100k-0402-1%-001","RC0402FR-07100KL","0402_resistor","RC0402FR-07100KL","44.4000","40.5000","180","TopLayer"
"R18","R-1k-0402-1%-001","RC0402JR-071KL","0402_resistor","Rset","14.1000","40.0000","180","TopLayer"
"R19","R-1k-0402-1%-001","RC0402JR-071KL","0402_resistor","Rset","14.1000","41.3000","180","TopLayer"
"R20","R-10k-0402-1%-001","RC0402FR-0710KL","0402_resistor","RC0402FR-0710KL","46.4000","40.5000","0","TopLayer"
"R21","R-10k-0402-1%-001","RC0402FR-0710KL","0402_resistor","RC0402FR-0710KL","52.7000","38.3000","270","TopLayer"
"R24","R-1-0402-1%-001","0402WGF100KTCE","0402_resistor","0402WGF100KTCE","48.8000","20.6000","90","TopLayer"
"R25","R-100-0402-1%-001","RMCF0402FT100R","0402_resistor","RMCF0402FT100R","49.0000","33.5000","180","TopLayer"
"R26","R-10k-0402-1%-001","RC0402FR-0710KL","0402_resistor","RC0402FR-0710KL","43.1000","35.3000","270","TopLayer"
"R27","R-10k-0402-1%-001","RC0402FR-0710KL","0402_resistor","RC0402FR-0710KL","17.4000","27.7000","270","TopLayer"
"R28","","RC0402FR-0730RL","0402_resistor","RC0402FR-0730RL","47.0000","33.5000","180","TopLayer"
"R29","","PT2512FK-7W0R1L","2512_resistor","PT2512FK-7W0R1L","47.9000","15.2000","0","TopLayer"
"R30","R-1k-0402-1%-001","RC0402JR-071KL","0402_resistor","Rset","11.1000","23.6000","0","TopLayer"
"R31","R-10k-0402-1%-001","RC0402FR-0710KL","0402_resistor","RC0402FR-0710KL","49.0000","32.2000","180","TopLayer"
"R32","R-10k-0402-1%-001","RC0402FR-0710KL","0402_resistor","RC0402FR-0710KL","47.0000","32.2000","180","TopLayer"
"R33","R-10k-0402-1%-001","RC0402FR-0710KL","0402_resistor","RC0402FR-0710KL","8.5000","26.1000","270","TopLayer"
"R34","R-10k-0402-1%-001","RC0402FR-0710KL","0402_resistor","RC0402FR-0710KL","9.5000","26.1000","270","TopLayer"
"R35","R-10k-0402-1%-001","RC0402FR-0710KL","0402_resistor","RC0402FR-0710KL","10.5000","26.1000","270","TopLayer"
"R36","R-10k-0402-1%-001","RC0402FR-0710KL","0402_resistor","RC0402FR-0710KL","11.1000","24.6000","180","TopLayer"
"R37","R-10k-0402-1%-001","RC0402FR-0710KL","0402_resistor","RC0402FR-0710KL","52.7000","29.9000","270","TopLayer"
"SW1","SW-TAC-4.5-8-260gf","TSC015A08026B","TSC015A08026B","TSC015A08026B","5.1000","39.3000","90","TopLayer"
"SW2","SW-TAC-4.5-8-260gf","TSC015A08026B","TSC015A08026B","TSC015A08026B","5.1000","22.7000","90","TopLayer"
"U1","","LT1013DIDR","SOIC127P600X175-8N","LT1013DIDR","48.0000","37.0000","0","TopLayer"
"U2","LGS4056HDA","LGS4056HDA","SON50P200X80_HS-9N","Li+ Charger","10.5000","17.4000","0","TopLayer"
"U3","","MCP4725A0T-E/CH","SOT95P280X110-6N","12-Bit DAC","48.0000","44.1000","180","TopLayer"
"U4","","ISL60002DIH326Z-TK","SOT95P280X115-3N","Precision Reference","10.6000","39.0000","180","TopLayer"
"U5","","INA219AIDCNR","SOT-23-8","Current Monitor","45.9000","23.1000","90","TopLayer"
"U6","","MT3608","SOT95P280X110-6N","MT3608","14.4000","29.2000","0","TopLayer"
"U7","","LT1013DIDR","SOIC127P600X175-8N","LT1013DIDR","48.0000","28.6000","0","TopLayer"
"U8","LIS3DHTR","LIS3DHTR","LGA50P300X300X100-16N","3-Axis Accelerometer","54.5000","15.1000","0","TopLayer"
"U9","","MIC2876-5.0YMT-TR","SON50P200X50_HS-9N","5V Boost","48.7000","48.4000","0","TopLayer"
